lga,postcode
Albany,6324
Albany,6326
Albany,6327
Albany,6328
Albany,6330
Albany,6333
Albany,6338
Armadale,6076
Armadale,6110
Armadale,6111
Armadale,6112
Armadale,6121
Armadale,6122
Armadale,6124
Armadale,6155
Armadale,6164
Armadale,6304
Armadale,6308
Ashburton,6642
Ashburton,6701
Ashburton,6705
Ashburton,6707
Ashburton,6710
Ashburton,6714
Ashburton,6716
Ashburton,6721
Ashburton,6722
Ashburton,6751
Ashburton,6753
Ashburton,6754
Augusta-Margaret River,6275
Augusta-Margaret River,6280
Augusta-Margaret River,6284
Augusta-Margaret River,6285
Augusta-Margaret River,6286
Augusta-Margaret River,6288
Augusta-Margaret River,6290
Bassendean,6053
Bassendean,6054
Bassendean,6055
Bassendean,6062
Bayswater,6050
Bayswater,6051
Bayswater,6052
Bayswater,6053
Bayswater,6054
Bayswater,6059
Bayswater,6062
Bayswater,6063
Belmont,6055
Belmont,6058
Belmont,6100
Belmont,6101
Belmont,6103
Belmont,6104
Belmont,6105
Belmont,6106
Beverley,6111
Beverley,6302
Beverley,6304
Beverley,6306
Beverley,6308
Beverley,6383
Boddington,6213
Boddington,6215
Boddington,6220
Boddington,6225
Boddington,6308
Boddington,6390
Boddington,6391
Boyup Brook,6225
Boyup Brook,6239
Boyup Brook,6244
Boyup Brook,6251
Boyup Brook,6255
Boyup Brook,6258
Boyup Brook,6392
Boyup Brook,6393
Boyup Brook,6394
Boyup Brook,6396
Bridgetown-Greenbushes,6244
Bridgetown-Greenbushes,6251
Bridgetown-Greenbushes,6253
Bridgetown-Greenbushes,6254
Bridgetown-Greenbushes,6255
Bridgetown-Greenbushes,6256
Bridgetown-Greenbushes,6258
Bridgetown-Greenbushes,6275
Brookton,6304
Brookton,6306
Brookton,6308
Brookton,6373
Brookton,6383
Broomehill-Tambellup,6317
Broomehill-Tambellup,6318
Broomehill-Tambellup,6320
Broomehill-Tambellup,6322
Broomehill-Tambellup,6335
Broomehill-Tambellup,6338
Broomehill-Tambellup,6395
Broome,6721
Broome,6725
Broome,6726
Broome,6728
Broome,6762
Bruce Rock,6368
Bruce Rock,6369
Bruce Rock,6373
Bruce Rock,6375
Bruce Rock,6383
Bruce Rock,6386
Bruce Rock,6410
Bruce Rock,6413
Bruce Rock,6415
Bruce Rock,6418
Bunbury,6229
Bunbury,6230
Bunbury,6232
Bunbury,6233
Bunbury,6236
Bunbury,6237
Busselton,6237
Busselton,6239
Busselton,6271
Busselton,6275
Busselton,6280
Busselton,6281
Busselton,6282
Busselton,6284
Busselton,6285
Cambridge,6005
Cambridge,6007
Cambridge,6008
Cambridge,6010
Cambridge,6014
Cambridge,6015
Cambridge,6016
Cambridge,6018
Cambridge,6019
Canning,6101
Canning,6102
Canning,6105
Canning,6106
Canning,6107
Canning,6108
Canning,6147
Canning,6148
Canning,6149
Canning,6152
Canning,6153
Canning,6155
Canning,6164
Capel,6230
Capel,6236
Capel,6237
Capel,6239
Capel,6271
Capel,6280
Carnamah,6514
Carnamah,6515
Carnamah,6517
Carnamah,6518
Carnamah,6519
Carnamah,6525
Carnamah,6623
Carnarvon,6532
Carnarvon,6701
Carnarvon,6705
Carnarvon,6707
Carnarvon,6710
Chapman Valley,6530
Chapman Valley,6532
Chapman Valley,6535
Chapman Valley,6536
Chapman Valley,6628
Chapman Valley,6630
Chittering,6037
Chittering,6084
Chittering,6501
Chittering,6502
Chittering,6503
Chittering,6505
Chittering,6509
Chittering,6566
Chittering,6567
Claremont,6009
Claremont,6010
Claremont,6011
Cockburn,6112
Cockburn,6121
Cockburn,6149
Cockburn,6150
Cockburn,6155
Cockburn,6161
Cockburn,6162
Cockburn,6163
Cockburn,6164
Cockburn,6165
Cockburn,6166
Cockburn,6167
Cockburn,6168
Collie,6220
Collie,6224
Collie,6225
Collie,6226
Collie,6236
Collie,6239
Collie,6244
Collie,6390
Collie,6391
Collie,6392
Coolgardie,6426
Coolgardie,6429
Coolgardie,6436
Coolgardie,6442
Coolgardie,6443
Coolgardie,6484
Coorow,6513
Coorow,6514
Coorow,6515
Coorow,6517
Coorow,6521
Coorow,6608
Coorow,6612
Coorow,6623
Corrigin,6306
Corrigin,6308
Corrigin,6312
Corrigin,6358
Corrigin,6365
Corrigin,6368
Corrigin,6370
Corrigin,6373
Corrigin,6375
Corrigin,6383
Corrigin,6386
Cottesloe,6010
Cottesloe,6011
Cottesloe,6012
Cranbrook,6244
Cranbrook,6258
Cranbrook,6320
Cranbrook,6321
Cranbrook,6322
Cranbrook,6323
Cranbrook,6338
Cranbrook,6394
Cranbrook,6395
Cranbrook,6396
Cranbrook,6397
Cuballing,6308
Cuballing,6309
Cuballing,6311
Cuballing,6312
Cuballing,6313
Cuballing,6370
Cuballing,6391
Cue,6635
Cue,6638
Cue,6639
Cue,6640
Cue,6642
Cunderdin,6302
Cunderdin,6383
Cunderdin,6401
Cunderdin,6403
Cunderdin,6405
Cunderdin,6407
Cunderdin,6409
Cunderdin,6460
Cunderdin,6462
Cunderdin,6485
Dalwallinu,6468
Dalwallinu,6472
Dalwallinu,6475
Dalwallinu,6513
Dalwallinu,6515
Dalwallinu,6575
Dalwallinu,6606
Dalwallinu,6608
Dalwallinu,6609
Dalwallinu,6612
Dalwallinu,6623
Dalwallinu,6635
Dandaragan,6044
Dandaragan,6503
Dandaragan,6507
Dandaragan,6509
Dandaragan,6510
Dandaragan,6511
Dandaragan,6513
Dandaragan,6515
Dandaragan,6516
Dandaragan,6521
Dandaragan,6575
Dardanup,6225
Dardanup,6226
Dardanup,6227
Dardanup,6229
Dardanup,6230
Dardanup,6232
Dardanup,6233
Dardanup,6236
Dardanup,6237
Dardanup,6239
Dardanup,6240
Denmark,6326
Denmark,6327
Denmark,6330
Denmark,6333
Denmark,6397
Denmark,6398
Derby-West Kimberley,6725
Derby-West Kimberley,6728
Derby-West Kimberley,6740
Derby-West Kimberley,6743
Derby-West Kimberley,6762
Derby-West Kimberley,6765
Derby-West Kimberley,6770
Donnybrook-Balingup,6225
Donnybrook-Balingup,6236
Donnybrook-Balingup,6237
Donnybrook-Balingup,6239
Donnybrook-Balingup,6240
Donnybrook-Balingup,6244
Donnybrook-Balingup,6251
Donnybrook-Balingup,6253
Donnybrook-Balingup,6254
Donnybrook-Balingup,6255
Donnybrook-Balingup,6275
Donnybrook-Balingup,6280
Dowerin,6405
Dowerin,6407
Dowerin,6460
Dowerin,6461
Dowerin,6462
Dowerin,6475
Dowerin,6485
Dowerin,6603
Dowerin,6606
Dumbleyung,6312
Dumbleyung,6315
Dumbleyung,6316
Dumbleyung,6317
Dumbleyung,6341
Dumbleyung,6350
Dumbleyung,6352
Dumbleyung,6353
Dumbleyung,6365
Dundas,5690
Dundas,6355
Dundas,6359
Dundas,6426
Dundas,6429
Dundas,6443
Dundas,6445
Dundas,6450
East Fremantle,6157
East Fremantle,6158
East Fremantle,6160
East Pilbara,872
East Pilbara,6642
East Pilbara,6646
East Pilbara,6721
East Pilbara,6722
East Pilbara,6725
East Pilbara,6728
East Pilbara,6751
East Pilbara,6753
East Pilbara,6758
East Pilbara,6760
East Pilbara,6762
East Pilbara,6770
Esperance,6346
Esperance,6355
Esperance,6443
Esperance,6445
Esperance,6447
Esperance,6448
Esperance,6450
Exmouth,6701
Exmouth,6707
Exmouth,6710
Fremantle,6012
Fremantle,6156
Fremantle,6157
Fremantle,6158
Fremantle,6159
Fremantle,6160
Fremantle,6162
Fremantle,6163
Geraldton-Greenough,6525
Geraldton-Greenough,6528
Geraldton-Greenough,6530
Geraldton-Greenough,6532
Geraldton-Greenough,6628
Gingin,6037
Gingin,6041
Gingin,6042
Gingin,6043
Gingin,6044
Gingin,6501
Gingin,6503
Gingin,6505
Gingin,6509
Gnowangerup,6317
Gnowangerup,6320
Gnowangerup,6322
Gnowangerup,6328
Gnowangerup,6335
Gnowangerup,6336
Gnowangerup,6337
Gnowangerup,6338
Gnowangerup,6341
Gnowangerup,6343
Goomalling,6401
Goomalling,6405
Goomalling,6460
Goomalling,6462
Goomalling,6566
Goomalling,6568
Goomalling,6569
Goomalling,6603
Gosnells,6076
Gosnells,6106
Gosnells,6107
Gosnells,6108
Gosnells,6109
Gosnells,6110
Gosnells,6111
Gosnells,6112
Gosnells,6147
Gosnells,6148
Gosnells,6155
Gosnells,6164
Halls Creek,852
Halls Creek,872
Halls Creek,6728
Halls Creek,6740
Halls Creek,6743
Halls Creek,6762
Halls Creek,6770
Harvey,6215
Harvey,6218
Harvey,6220
Harvey,6221
Harvey,6224
Harvey,6225
Harvey,6226
Harvey,6229
Harvey,6230
Harvey,6232
Harvey,6233
Harvey,6236
Harvey,6390
Irwin,6517
Irwin,6519
Irwin,6522
Irwin,6525
Irwin,6528
Irwin,6532
Irwin,6628
Jerramungup,6328
Jerramungup,6336
Jerramungup,6337
Jerramungup,6338
Jerramungup,6343
Jerramungup,6346
Jerramungup,6348
Jerramungup,6355
Joondalup,6020
Joondalup,6022
Joondalup,6023
Joondalup,6024
Joondalup,6025
Joondalup,6026
Joondalup,6027
Joondalup,6028
Joondalup,6030
Joondalup,6031
Joondalup,6061
Joondalup,6064
Joondalup,6065
Kalamunda,6055
Kalamunda,6056
Kalamunda,6057
Kalamunda,6058
Kalamunda,6070
Kalamunda,6071
Kalamunda,6073
Kalamunda,6074
Kalamunda,6076
Kalamunda,6105
Kalamunda,6106
Kalamunda,6107
Kalamunda,6109
Kalamunda,6110
Kalamunda,6111
Kalamunda,6302
Kalgoorlie/Boulder,5690
Kalgoorlie/Boulder,6429
Kalgoorlie/Boulder,6430
Kalgoorlie/Boulder,6432
Kalgoorlie/Boulder,6434
Kalgoorlie/Boulder,6436
Kalgoorlie/Boulder,6442
Kalgoorlie/Boulder,6443
Katanning,6316
Katanning,6317
Katanning,6320
Katanning,6335
Katanning,6341
Katanning,6352
Katanning,6395
Kellerberrin,6383
Kellerberrin,6386
Kellerberrin,6409
Kellerberrin,6410
Kellerberrin,6413
Kellerberrin,6418
Kellerberrin,6421
Kellerberrin,6485
Kellerberrin,6488
Kellerberrin,6490
Kent,6317
Kent,6335
Kent,6336
Kent,6337
Kent,6341
Kent,6343
Kent,6352
Kent,6353
Kent,6355
Kojonup,6244
Kojonup,6316
Kojonup,6317
Kojonup,6320
Kojonup,6322
Kojonup,6393
Kojonup,6394
Kojonup,6395
Kojonup,6396
Kondinin,6355
Kondinin,6358
Kondinin,6359
Kondinin,6365
Kondinin,6367
Kondinin,6368
Kondinin,6369
Kondinin,6375
Kondinin,6426
Kondinin,6443
Koorda,6462
Koorda,6468
Koorda,6472
Koorda,6475
Koorda,6477
Koorda,6485
Koorda,6606
Koorda,6612
Kulin,6312
Kulin,6352
Kulin,6353
Kulin,6355
Kulin,6358
Kulin,6359
Kulin,6365
Kulin,6373
Kulin,6375
Kwinana,6121
Kwinana,6164
Kwinana,6165
Kwinana,6166
Kwinana,6167
Kwinana,6168
Kwinana,6170
Kwinana,6171
Lake Grace,6337
Lake Grace,6341
Lake Grace,6343
Lake Grace,6346
Lake Grace,6348
Lake Grace,6352
Lake Grace,6353
Lake Grace,6355
Lake Grace,6359
Lake Grace,6365
Lake Grace,6443
Lake Grace,6445
Laverton,872
Laverton,5690
Laverton,6436
Laverton,6437
Laverton,6438
Laverton,6440
Laverton,6646
Leonora,872
Leonora,6436
Leonora,6437
Leonora,6438
Leonora,6440
Leonora,6639
Leonora,6646
Mandurah,6175
Mandurah,6176
Mandurah,6180
Mandurah,6181
Mandurah,6208
Mandurah,6209
Mandurah,6210
Mandurah,6211
Mandurah,6215
Manjimup,6244
Manjimup,6255
Manjimup,6256
Manjimup,6258
Manjimup,6260
Manjimup,6262
Manjimup,6275
Manjimup,6333
Manjimup,6396
Manjimup,6397
Manjimup,6398
Meekatharra,6635
Meekatharra,6639
Meekatharra,6640
Meekatharra,6642
Meekatharra,6646
Meekatharra,6705
Meekatharra,6710
Meekatharra,6751
Meekatharra,6753
Melville,6148
Melville,6149
Melville,6150
Melville,6153
Melville,6154
Melville,6155
Melville,6156
Melville,6157
Melville,6158
Melville,6160
Melville,6163
Melville,6164
Menzies,872
Menzies,5690
Menzies,6429
Menzies,6431
Menzies,6436
Menzies,6437
Menzies,6438
Menzies,6440
Menzies,6472
Menzies,6484
Menzies,6639
Merredin,6369
Merredin,6410
Merredin,6413
Merredin,6415
Merredin,6418
Merredin,6421
Merredin,6423
Merredin,6426
Merredin,6490
Mingenew,6519
Mingenew,6522
Mingenew,6525
Mingenew,6623
Mingenew,6628
Moora,6044
Moora,6507
Moora,6509
Moora,6510
Moora,6513
Moora,6515
Moora,6521
Moora,6575
Moora,6603
Moora,6606
Moora,6608
Morawa,6519
Morawa,6522
Morawa,6623
Morawa,6628
Morawa,6630
Morawa,6635
Mosman Park,6011
Mosman Park,6012
Mosman Park,6159
Mount Magnet,6635
Mount Magnet,6638
Mount Magnet,6639
Mount Magnet,6640
Mount Marshall,6472
Mount Marshall,6475
Mount Marshall,6477
Mount Marshall,6479
Mount Marshall,6484
Mount Marshall,6485
Mount Marshall,6488
Mount Marshall,6612
Mount Marshall,6635
Mount Marshall,6639
Mukinbudin,6423
Mukinbudin,6472
Mukinbudin,6477
Mukinbudin,6479
Mukinbudin,6488
Mukinbudin,6490
Mullewa,6522
Mullewa,6525
Mullewa,6532
Mullewa,6536
Mullewa,6623
Mullewa,6628
Mullewa,6630
Mullewa,6635
Mundaring,6055
Mundaring,6056
Mundaring,6070
Mundaring,6071
Mundaring,6072
Mundaring,6073
Mundaring,6074
Mundaring,6076
Mundaring,6081
Mundaring,6082
Mundaring,6083
Mundaring,6302
Mundaring,6556
Mundaring,6558
Mundaring,6560
Mundaring,6562
Murchison,6532
Murchison,6536
Murchison,6630
Murchison,6635
Murchison,6640
Murchison,6642
Murchison,6705
Murray,6124
Murray,6126
Murray,6176
Murray,6180
Murray,6181
Murray,6182
Murray,6207
Murray,6208
Murray,6209
Murray,6210
Murray,6213
Murray,6214
Murray,6215
Murray,6308
Murray,6390
Nannup,6239
Nannup,6253
Nannup,6254
Nannup,6256
Nannup,6258
Nannup,6260
Nannup,6275
Nannup,6280
Nannup,6284
Nannup,6290
Narembeen,6358
Narembeen,6359
Narembeen,6368
Narembeen,6369
Narembeen,6375
Narembeen,6386
Narembeen,6415
Narembeen,6418
Narembeen,6426
Narrogin,6311
Narrogin,6312
Narrogin,6313
Narrogin,6315
Narrogin,6370
Narrogin,6391
Narrogin,6393
Narrogin,6312
Nedlands,6008
Nedlands,6009
Nedlands,6010
Nedlands,6011
Nedlands,6014
Nedlands,6015
Nedlands,6907
Ngaanyatjarraku,872
Ngaanyatjarraku,6431
Ngaanyatjarraku,6646
Northampton,6530
Northampton,6532
Northampton,6535
Northampton,6536
Northampton,6630
Northampton,6635
Northam,6074
Northam,6083
Northam,6302
Northam,6401
Northam,6403
Northam,6405
Northam,6460
Northam,6556
Northam,6558
Northam,6560
Northam,6562
Northam,6564
Northam,6566
Nungarin,6410
Nungarin,6421
Nungarin,6423
Nungarin,6479
Nungarin,6488
Nungarin,6490
Peppermint Grove,6010
Peppermint Grove,6011
Peppermint Grove,6012
Perenjori,6515
Perenjori,6517
Perenjori,6519
Perenjori,6612
Perenjori,6620
Perenjori,6623
Perenjori,6635
Perth,6000
Perth,6003
Perth,6004
Perth,6005
Perth,6007
Perth,6008
Perth,6009
Perth,6907
Pingelly,6306
Pingelly,6308
Pingelly,6309
Pingelly,6370
Pingelly,6373
Plantagenet,6258
Plantagenet,6322
Plantagenet,6323
Plantagenet,6324
Plantagenet,6326
Plantagenet,6327
Plantagenet,6328
Plantagenet,6330
Plantagenet,6333
Plantagenet,6338
Plantagenet,6396
Plantagenet,6397
Plantagenet,6398
Port Hedland,6714
Port Hedland,6721
Port Hedland,6722
Port Hedland,6751
Port Hedland,6760
Quairading,6302
Quairading,6304
Quairading,6306
Quairading,6373
Quairading,6383
Quairading,6386
Quairading,6405
Quairading,6407
Quairading,6409
Quairading,6410
Ravensthorpe,6337
Ravensthorpe,6346
Ravensthorpe,6348
Ravensthorpe,6355
Ravensthorpe,6445
Ravensthorpe,6450
Rockingham,6121
Rockingham,6125
Rockingham,6126
Rockingham,6165
Rockingham,6168
Rockingham,6169
Rockingham,6170
Rockingham,6171
Rockingham,6172
Rockingham,6173
Rockingham,6174
Rockingham,6175
Rockingham,6176
Rockingham,6180
Rockingham,6181
Rockingham,6182
Rockingham,6207
Rockingham,6210
Roebourne,6710
Roebourne,6713
Roebourne,6714
Roebourne,6718
Roebourne,6720
Roebourne,6722
Roebourne,6751
Sandstone,6436
Sandstone,6437
Sandstone,6472
Sandstone,6635
Sandstone,6638
Sandstone,6639
Sandstone,6640
Sandstone,6642
Sandstone,6646
Serpentine-Jarrahdale,6111
Serpentine-Jarrahdale,6112
Serpentine-Jarrahdale,6121
Serpentine-Jarrahdale,6122
Serpentine-Jarrahdale,6123
Serpentine-Jarrahdale,6124
Serpentine-Jarrahdale,6125
Serpentine-Jarrahdale,6126
Serpentine-Jarrahdale,6164
Serpentine-Jarrahdale,6167
Serpentine-Jarrahdale,6170
Serpentine-Jarrahdale,6171
Serpentine-Jarrahdale,6176
Serpentine-Jarrahdale,6182
Serpentine-Jarrahdale,6207
Serpentine-Jarrahdale,6213
Serpentine-Jarrahdale,6308
Shark Bay,6532
Shark Bay,6536
Shark Bay,6537
Shark Bay,6635
Shark Bay,6701
Shark Bay,6705
South Perth,6100
South Perth,6102
South Perth,6107
South Perth,6151
South Perth,6152
Stirling,6006
Stirling,6014
Stirling,6015
Stirling,6016
Stirling,6017
Stirling,6018
Stirling,6019
Stirling,6020
Stirling,6021
Stirling,6022
Stirling,6023
Stirling,6024
Stirling,6029
Stirling,6050
Stirling,6051
Stirling,6052
Stirling,6059
Stirling,6060
Stirling,6061
Stirling,6062
Stirling,6064
Stirling,6090
Subiaco,6000
Subiaco,6005
Subiaco,6007
Subiaco,6008
Subiaco,6009
Subiaco,6010
Subiaco,6014
Subiaco,6907
Swan,6037
Swan,6054
Swan,6055
Swan,6056
Swan,6057
Swan,6059
Swan,6061
Swan,6062
Swan,6063
Swan,6064
Swan,6065
Swan,6066
Swan,6067
Swan,6068
Swan,6069
Swan,6071
Swan,6076
Swan,6077
Swan,6078
Swan,6079
Swan,6081
Swan,6082
Swan,6083
Swan,6084
Swan,6090
Swan,6104
Swan,6105
Swan,6501
Swan,6556
Swan,6558
Swan,6567
Tammin,6383
Tammin,6407
Tammin,6409
Tammin,6410
Tammin,6485
Three Springs,6517
Three Springs,6519
Three Springs,6522
Three Springs,6525
Three Springs,6623
Toodyay,6083
Toodyay,6084
Toodyay,6401
Toodyay,6460
Toodyay,6502
Toodyay,6505
Toodyay,6509
Toodyay,6558
Toodyay,6560
Toodyay,6562
Toodyay,6564
Toodyay,6566
Toodyay,6567
Toodyay,6568
Trayning,6410
Trayning,6477
Trayning,6479
Trayning,6485
Trayning,6488
Trayning,6490
Upper Gascoyne,6532
Upper Gascoyne,6635
Upper Gascoyne,6642
Upper Gascoyne,6701
Upper Gascoyne,6705
Upper Gascoyne,6710
Victoria Park,6100
Victoria Park,6101
Victoria Park,6102
Victoria Park,6103
Victoria Park,6105
Victoria Park,6106
Victoria Park,6151
Victoria Park,6152
Victoria Plains,6044
Victoria Plains,6460
Victoria Plains,6503
Victoria Plains,6505
Victoria Plains,6509
Victoria Plains,6510
Victoria Plains,6566
Victoria Plains,6568
Victoria Plains,6569
Victoria Plains,6603
Vincent,6000
Vincent,6003
Vincent,6004
Vincent,6005
Vincent,6006
Vincent,6007
Vincent,6014
Vincent,6016
Vincent,6017
Vincent,6050
Vincent,6060
Wagin,6312
Wagin,6313
Wagin,6315
Wagin,6316
Wagin,6352
Wagin,6393
Wandering,6111
Wandering,6124
Wandering,6213
Wandering,6304
Wandering,6306
Wandering,6308
Wandering,6309
Wandering,6311
Wandering,6390
Wandering,6391
Wanneroo,6024
Wanneroo,6026
Wanneroo,6027
Wanneroo,6028
Wanneroo,6030
Wanneroo,6031
Wanneroo,6032
Wanneroo,6033
Wanneroo,6035
Wanneroo,6036
Wanneroo,6037
Wanneroo,6061
Wanneroo,6064
Wanneroo,6065
Wanneroo,6066
Wanneroo,6067
Wanneroo,6077
Wanneroo,6078
Wanneroo,6079
Wanneroo,6084
Wanneroo,6090
Wanneroo,6501
Wanneroo,6503
Waroona,6208
Waroona,6211
Waroona,6213
Waroona,6214
Waroona,6215
Waroona,6218
Waroona,6220
West Arthur,6225
West Arthur,6244
West Arthur,6313
West Arthur,6315
West Arthur,6316
West Arthur,6391
West Arthur,6392
West Arthur,6393
West Arthur,6394
Westonia,6415
Westonia,6421
Westonia,6423
Westonia,6425
Westonia,6426
Westonia,6479
Westonia,6484
Westonia,6490
Wickepin,6308
Wickepin,6309
Wickepin,6311
Wickepin,6312
Wickepin,6313
Wickepin,6315
Wickepin,6352
Wickepin,6365
Wickepin,6370
Wickepin,6373
Williams,6225
Williams,6308
Williams,6311
Williams,6312
Williams,6313
Williams,6390
Williams,6391
Williams,6392
Williams,6393
Wiluna,872
Wiluna,6437
Wiluna,6639
Wiluna,6642
Wiluna,6646
Wiluna,6753
Wiluna,6762
Wongan-Ballidu,6460
Wongan-Ballidu,6462
Wongan-Ballidu,6468
Wongan-Ballidu,6475
Wongan-Ballidu,6509
Wongan-Ballidu,6510
Wongan-Ballidu,6569
Wongan-Ballidu,6603
Wongan-Ballidu,6606
Wongan-Ballidu,6608
Woodanilling,6315
Woodanilling,6316
Woodanilling,6317
Woodanilling,6352
Woodanilling,6393
Woodanilling,6394
Woodanilling,6395
Wyalkatchem,6407
Wyalkatchem,6409
Wyalkatchem,6410
Wyalkatchem,6462
Wyalkatchem,6475
Wyalkatchem,6477
Wyalkatchem,6485
Wyalkatchem,6488
Wyndham-East Kimberley,852
Wyndham-East Kimberley,6728
Wyndham-East Kimberley,6740
Wyndham-East Kimberley,6743
Wyndham-East Kimberley,6770
Yalgoo,6472
Yalgoo,6612
Yalgoo,6623
Yalgoo,6630
Yalgoo,6635
Yalgoo,6638
Yalgoo,6639
Yalgoo,6640
Yilgarn,6359
Yilgarn,6369
Yilgarn,6415
Yilgarn,6423
Yilgarn,6425
Yilgarn,6426
Yilgarn,6429
Yilgarn,6436
Yilgarn,6443
Yilgarn,6472
Yilgarn,6479
Yilgarn,6484
Yilgarn,6639
York,6074
York,6076
York,6111
York,6302
York,6304
York,6383
York,6401
York,6403
York,6405
York,6562
